,0,1,2,3
0,0.01,0.01,131,722
1,0.01,0.02,131,721
2,0.01,0.03,131,708
3,0.01,0.04,131,693
4,0.01,0.05,131,677
5,0.01,0.06,131,664
6,0.01,0.07,131,650
7,0.01,0.08,131,632
8,0.01,0.09,131,618
9,0.01,0.1,131,592
10,0.01,0.11,131,563
11,0.01,0.12,131,551
12,0.01,0.13,131,541
13,0.01,0.14,131,521
14,0.01,0.15,131,507
15,0.01,0.16,131,492
16,0.01,0.17,131,477
17,0.01,0.18,131,467
18,0.01,0.19,131,448
19,0.01,0.2,131,437
20,0.01,0.21,131,425
21,0.01,0.22,131,410
22,0.01,0.23,131,389
23,0.01,0.24,131,371
24,0.01,0.25,131,353
25,0.01,0.26,131,337
26,0.01,0.27,131,327
27,0.01,0.28,131,320
28,0.01,0.29,131,312
29,0.01,0.3,131,300
30,0.01,0.31,131,295
31,0.01,0.32,131,286
32,0.01,0.33,131,280
33,0.01,0.34,131,277
34,0.01,0.35,131,274
35,0.01,0.36,131,259
36,0.01,0.37,131,251
37,0.01,0.38,131,245
38,0.01,0.39,131,241
39,0.01,0.4,131,236
40,0.01,0.41,131,226
41,0.01,0.42,131,214
42,0.01,0.43,131,203
43,0.01,0.44,131,191
44,0.01,0.45,131,181
45,0.01,0.46,131,168
46,0.01,0.47,131,158
47,0.01,0.48,131,150
48,0.01,0.49,131,139
49,0.01,0.5,131,132
50,0.01,0.51,131,116
51,0.01,0.52,131,108
52,0.01,0.53,131,100
53,0.01,0.54,131,98
54,0.01,0.55,131,89
55,0.01,0.56,131,85
56,0.01,0.57,131,75
57,0.01,0.58,131,69
58,0.01,0.59,131,60
59,0.01,0.6,131,55
60,0.02,0.01,110,606
61,0.02,0.02,110,606
62,0.02,0.03,110,606
63,0.02,0.04,110,605
64,0.02,0.05,110,596
65,0.02,0.06,110,586
66,0.02,0.07,110,573
67,0.02,0.08,110,563
68,0.02,0.09,110,552
69,0.02,0.1,110,529
70,0.02,0.11,110,505
71,0.02,0.12,110,495
72,0.02,0.13,110,486
73,0.02,0.14,110,467
74,0.02,0.15,110,458
75,0.02,0.16,110,443
76,0.02,0.17,110,432
77,0.02,0.18,110,423
78,0.02,0.19,110,407
79,0.02,0.2,110,397
80,0.02,0.21,110,386
81,0.02,0.22,110,371
82,0.02,0.23,110,352
83,0.02,0.24,110,337
84,0.02,0.25,110,320
85,0.02,0.26,110,306
86,0.02,0.27,110,296
87,0.02,0.28,110,290
88,0.02,0.29,110,282
89,0.02,0.3,110,270
90,0.02,0.31,110,266
91,0.02,0.32,110,258
92,0.02,0.33,110,253
93,0.02,0.34,110,250
94,0.02,0.35,110,247
95,0.02,0.36,110,237
96,0.02,0.37,110,230
97,0.02,0.38,110,224
98,0.02,0.39,110,220
99,0.02,0.4,110,215
100,0.02,0.41,110,206
101,0.02,0.42,110,194
102,0.02,0.43,110,183
103,0.02,0.44,110,172
104,0.02,0.45,110,162
105,0.02,0.46,110,150
106,0.02,0.47,110,141
107,0.02,0.48,110,133
108,0.02,0.49,110,122
109,0.02,0.5,110,115
110,0.02,0.51,110,99
111,0.02,0.52,110,91
112,0.02,0.53,110,84
113,0.02,0.54,110,82
114,0.02,0.55,110,73
115,0.02,0.56,110,69
116,0.02,0.57,110,62
117,0.02,0.58,110,56
118,0.02,0.59,110,48
119,0.02,0.6,110,43
120,0.03,0.01,101,504
121,0.03,0.02,101,504
122,0.03,0.03,101,504
123,0.03,0.04,101,504
124,0.03,0.05,101,504
125,0.03,0.06,101,502
126,0.03,0.07,101,497
127,0.03,0.08,101,489
128,0.03,0.09,101,480
129,0.03,0.1,101,460
130,0.03,0.11,101,445
131,0.03,0.12,101,438
132,0.03,0.13,101,431
133,0.03,0.14,101,415
134,0.03,0.15,101,408
135,0.03,0.16,101,396
136,0.03,0.17,101,387
137,0.03,0.18,101,379
138,0.03,0.19,101,364
139,0.03,0.2,101,355
140,0.03,0.21,101,345
141,0.03,0.22,101,331
142,0.03,0.23,101,314
143,0.03,0.24,101,300
144,0.03,0.25,101,283
145,0.03,0.26,101,271
146,0.03,0.27,101,264
147,0.03,0.28,101,259
148,0.03,0.29,101,252
149,0.03,0.3,101,240
150,0.03,0.31,101,237
151,0.03,0.32,101,231
152,0.03,0.33,101,226
153,0.03,0.34,101,224
154,0.03,0.35,101,222
155,0.03,0.36,101,213
156,0.03,0.37,101,206
157,0.03,0.38,101,200
158,0.03,0.39,101,197
159,0.03,0.4,101,192
160,0.03,0.41,101,184
161,0.03,0.42,101,174
162,0.03,0.43,101,163
163,0.03,0.44,101,153
164,0.03,0.45,101,145
165,0.03,0.46,101,133
166,0.03,0.47,101,125
167,0.03,0.48,101,117
168,0.03,0.49,101,106
169,0.03,0.5,101,99
170,0.03,0.51,101,83
171,0.03,0.52,101,75
172,0.03,0.53,101,69
173,0.03,0.54,101,68
174,0.03,0.55,101,61
175,0.03,0.56,101,58
176,0.03,0.57,101,51
177,0.03,0.58,101,45
178,0.03,0.59,101,38
179,0.03,0.6,101,34
180,0.04,0.01,88,428
181,0.04,0.02,88,428
182,0.04,0.03,88,428
183,0.04,0.04,88,428
184,0.04,0.05,88,428
185,0.04,0.06,88,428
186,0.04,0.07,88,428
187,0.04,0.08,88,426
188,0.04,0.09,88,421
189,0.04,0.1,88,407
190,0.04,0.11,88,394
191,0.04,0.12,88,388
192,0.04,0.13,88,382
193,0.04,0.14,88,367
194,0.04,0.15,88,364
195,0.04,0.16,88,353
196,0.04,0.17,88,346
197,0.04,0.18,88,340
198,0.04,0.19,88,325
199,0.04,0.2,88,317
200,0.04,0.21,88,307
201,0.04,0.22,88,295
202,0.04,0.23,88,280
203,0.04,0.24,88,266
204,0.04,0.25,88,253
205,0.04,0.26,88,241
206,0.04,0.27,88,235
207,0.04,0.28,88,230
208,0.04,0.29,88,224
209,0.04,0.3,88,213
210,0.04,0.31,88,210
211,0.04,0.32,88,204
212,0.04,0.33,88,200
213,0.04,0.34,88,198
214,0.04,0.35,88,196
215,0.04,0.36,88,187
216,0.04,0.37,88,181
217,0.04,0.38,88,176
218,0.04,0.39,88,173
219,0.04,0.4,88,168
220,0.04,0.41,88,161
221,0.04,0.42,88,152
222,0.04,0.43,88,142
223,0.04,0.44,88,135
224,0.04,0.45,88,127
225,0.04,0.46,88,115
226,0.04,0.47,88,108
227,0.04,0.48,88,101
228,0.04,0.49,88,93
229,0.04,0.5,88,86
230,0.04,0.51,88,70
231,0.04,0.52,88,62
232,0.04,0.53,88,56
233,0.04,0.54,88,55
234,0.04,0.55,88,49
235,0.04,0.56,88,46
236,0.04,0.57,88,40
237,0.04,0.58,88,35
238,0.04,0.59,88,29
239,0.04,0.6,88,26
240,0.05,0.01,78,348
241,0.05,0.02,78,348
242,0.05,0.03,78,348
243,0.05,0.04,78,348
244,0.05,0.05,78,348
245,0.05,0.06,78,348
246,0.05,0.07,78,348
247,0.05,0.08,78,348
248,0.05,0.09,78,347
249,0.05,0.1,78,340
250,0.05,0.11,78,335
251,0.05,0.12,78,333
252,0.05,0.13,78,329
253,0.05,0.14,78,315
254,0.05,0.15,78,312
255,0.05,0.16,78,302
256,0.05,0.17,78,296
257,0.05,0.18,78,291
258,0.05,0.19,78,281
259,0.05,0.2,78,275
260,0.05,0.21,78,266
261,0.05,0.22,78,259
262,0.05,0.23,78,247
263,0.05,0.24,78,236
264,0.05,0.25,78,224
265,0.05,0.26,78,213
266,0.05,0.27,78,207
267,0.05,0.28,78,203
268,0.05,0.29,78,197
269,0.05,0.3,78,190
270,0.05,0.31,78,188
271,0.05,0.32,78,183
272,0.05,0.33,78,179
273,0.05,0.34,78,177
274,0.05,0.35,78,175
275,0.05,0.36,78,167
276,0.05,0.37,78,161
277,0.05,0.38,78,156
278,0.05,0.39,78,153
279,0.05,0.4,78,148
280,0.05,0.41,78,143
281,0.05,0.42,78,136
282,0.05,0.43,78,127
283,0.05,0.44,78,122
284,0.05,0.45,78,115
285,0.05,0.46,78,103
286,0.05,0.47,78,96
287,0.05,0.48,78,90
288,0.05,0.49,78,82
289,0.05,0.5,78,76
290,0.05,0.51,78,62
291,0.05,0.52,78,55
292,0.05,0.53,78,50
293,0.05,0.54,78,49
294,0.05,0.55,78,45
295,0.05,0.56,78,42
296,0.05,0.57,78,37
297,0.05,0.58,78,33
298,0.05,0.59,78,28
299,0.05,0.6,78,25
300,0.06,0.01,70,276
301,0.06,0.02,70,276
302,0.06,0.03,70,276
303,0.06,0.04,70,276
304,0.06,0.05,70,276
305,0.06,0.06,70,276
306,0.06,0.07,70,276
307,0.06,0.08,70,276
308,0.06,0.09,70,276
309,0.06,0.1,70,276
310,0.06,0.11,70,273
311,0.06,0.12,70,273
312,0.06,0.13,70,272
313,0.06,0.14,70,264
314,0.06,0.15,70,263
315,0.06,0.16,70,256
316,0.06,0.17,70,250
317,0.06,0.18,70,246
318,0.06,0.19,70,237
319,0.06,0.2,70,231
320,0.06,0.21,70,226
321,0.06,0.22,70,221
322,0.06,0.23,70,212
323,0.06,0.24,70,204
324,0.06,0.25,70,192
325,0.06,0.26,70,181
326,0.06,0.27,70,176
327,0.06,0.28,70,172
328,0.06,0.29,70,168
329,0.06,0.3,70,162
330,0.06,0.31,70,160
331,0.06,0.32,70,157
332,0.06,0.33,70,154
333,0.06,0.34,70,152
334,0.06,0.35,70,150
335,0.06,0.36,70,145
336,0.06,0.37,70,141
337,0.06,0.38,70,139
338,0.06,0.39,70,136
339,0.06,0.4,70,131
340,0.06,0.41,70,126
341,0.06,0.42,70,120
342,0.06,0.43,70,111
343,0.06,0.44,70,106
344,0.06,0.45,70,99
345,0.06,0.46,70,87
346,0.06,0.47,70,80
347,0.06,0.48,70,75
348,0.06,0.49,70,69
349,0.06,0.5,70,64
350,0.06,0.51,70,52
351,0.06,0.52,70,48
352,0.06,0.53,70,43
353,0.06,0.54,70,42
354,0.06,0.55,70,38
355,0.06,0.56,70,36
356,0.06,0.57,70,31
357,0.06,0.58,70,27
358,0.06,0.59,70,22
359,0.06,0.6,70,20
360,0.07,0.01,65,234
361,0.07,0.02,65,234
362,0.07,0.03,65,234
363,0.07,0.04,65,234
364,0.07,0.05,65,234
365,0.07,0.06,65,234
366,0.07,0.07,65,234
367,0.07,0.08,65,234
368,0.07,0.09,65,234
369,0.07,0.1,65,234
370,0.07,0.11,65,234
371,0.07,0.12,65,234
372,0.07,0.13,65,233
373,0.07,0.14,65,230
374,0.07,0.15,65,230
375,0.07,0.16,65,226
376,0.07,0.17,65,223
377,0.07,0.18,65,219
378,0.07,0.19,65,211
379,0.07,0.2,65,205
380,0.07,0.21,65,200
381,0.07,0.22,65,195
382,0.07,0.23,65,188
383,0.07,0.24,65,180
384,0.07,0.25,65,172
385,0.07,0.26,65,162
386,0.07,0.27,65,157
387,0.07,0.28,65,155
388,0.07,0.29,65,153
389,0.07,0.3,65,147
390,0.07,0.31,65,146
391,0.07,0.32,65,143
392,0.07,0.33,65,140
393,0.07,0.34,65,138
394,0.07,0.35,65,136
395,0.07,0.36,65,131
396,0.07,0.37,65,128
397,0.07,0.38,65,126
398,0.07,0.39,65,124
399,0.07,0.4,65,119
400,0.07,0.41,65,115
401,0.07,0.42,65,109
402,0.07,0.43,65,100
403,0.07,0.44,65,95
404,0.07,0.45,65,89
405,0.07,0.46,65,80
406,0.07,0.47,65,74
407,0.07,0.48,65,69
408,0.07,0.49,65,63
409,0.07,0.5,65,58
410,0.07,0.51,65,48
411,0.07,0.52,65,44
412,0.07,0.53,65,39
413,0.07,0.54,65,38
414,0.07,0.55,65,34
415,0.07,0.56,65,33
416,0.07,0.57,65,30
417,0.07,0.58,65,26
418,0.07,0.59,65,21
419,0.07,0.6,65,19
420,0.08,0.01,60,208
421,0.08,0.02,60,208
422,0.08,0.03,60,208
423,0.08,0.04,60,208
424,0.08,0.05,60,208
425,0.08,0.06,60,208
426,0.08,0.07,60,208
427,0.08,0.08,60,208
428,0.08,0.09,60,208
429,0.08,0.1,60,208
430,0.08,0.11,60,208
431,0.08,0.12,60,208
432,0.08,0.13,60,208
433,0.08,0.14,60,207
434,0.08,0.15,60,207
435,0.08,0.16,60,204
436,0.08,0.17,60,204
437,0.08,0.18,60,201
438,0.08,0.19,60,195
439,0.08,0.2,60,189
440,0.08,0.21,60,184
441,0.08,0.22,60,179
442,0.08,0.23,60,173
443,0.08,0.24,60,165
444,0.08,0.25,60,157
445,0.08,0.26,60,148
446,0.08,0.27,60,143
447,0.08,0.28,60,141
448,0.08,0.29,60,139
449,0.08,0.3,60,135
450,0.08,0.31,60,134
451,0.08,0.32,60,132
452,0.08,0.33,60,130
453,0.08,0.34,60,128
454,0.08,0.35,60,126
455,0.08,0.36,60,121
456,0.08,0.37,60,118
457,0.08,0.38,60,116
458,0.08,0.39,60,115
459,0.08,0.4,60,110
460,0.08,0.41,60,106
461,0.08,0.42,60,101
462,0.08,0.43,60,92
463,0.08,0.44,60,87
464,0.08,0.45,60,81
465,0.08,0.46,60,73
466,0.08,0.47,60,67
467,0.08,0.48,60,62
468,0.08,0.49,60,56
469,0.08,0.5,60,51
470,0.08,0.51,60,43
471,0.08,0.52,60,40
472,0.08,0.53,60,36
473,0.08,0.54,60,36
474,0.08,0.55,60,32
475,0.08,0.56,60,31
476,0.08,0.57,60,28
477,0.08,0.58,60,24
478,0.08,0.59,60,19
479,0.08,0.6,60,17
480,0.09,0.01,55,176
481,0.09,0.02,55,176
482,0.09,0.03,55,176
483,0.09,0.04,55,176
484,0.09,0.05,55,176
485,0.09,0.06,55,176
486,0.09,0.07,55,176
487,0.09,0.08,55,176
488,0.09,0.09,55,176
489,0.09,0.1,55,176
490,0.09,0.11,55,176
491,0.09,0.12,55,176
492,0.09,0.13,55,176
493,0.09,0.14,55,176
494,0.09,0.15,55,176
495,0.09,0.16,55,175
496,0.09,0.17,55,175
497,0.09,0.18,55,172
498,0.09,0.19,55,169
499,0.09,0.2,55,164
500,0.09,0.21,55,161
501,0.09,0.22,55,158
502,0.09,0.23,55,153
503,0.09,0.24,55,146
504,0.09,0.25,55,138
505,0.09,0.26,55,129
506,0.09,0.27,55,125
507,0.09,0.28,55,123
508,0.09,0.29,55,121
509,0.09,0.3,55,117
510,0.09,0.31,55,117
511,0.09,0.32,55,115
512,0.09,0.33,55,114
513,0.09,0.34,55,112
514,0.09,0.35,55,110
515,0.09,0.36,55,106
516,0.09,0.37,55,105
517,0.09,0.38,55,103
518,0.09,0.39,55,102
519,0.09,0.4,55,99
520,0.09,0.41,55,95
521,0.09,0.42,55,90
522,0.09,0.43,55,82
523,0.09,0.44,55,78
524,0.09,0.45,55,72
525,0.09,0.46,55,64
526,0.09,0.47,55,60
527,0.09,0.48,55,56
528,0.09,0.49,55,50
529,0.09,0.5,55,46
530,0.09,0.51,55,38
531,0.09,0.52,55,35
532,0.09,0.53,55,32
533,0.09,0.54,55,32
534,0.09,0.55,55,28
535,0.09,0.56,55,27
536,0.09,0.57,55,24
537,0.09,0.58,55,20
538,0.09,0.59,55,16
539,0.09,0.6,55,14
540,0.1,0.01,50,150
541,0.1,0.02,50,150
542,0.1,0.03,50,150
543,0.1,0.04,50,150
544,0.1,0.05,50,150
545,0.1,0.06,50,150
546,0.1,0.07,50,150
547,0.1,0.08,50,150
548,0.1,0.09,50,150
549,0.1,0.1,50,150
550,0.1,0.11,50,150
551,0.1,0.12,50,150
552,0.1,0.13,50,150
553,0.1,0.14,50,150
554,0.1,0.15,50,150
555,0.1,0.16,50,150
556,0.1,0.17,50,150
557,0.1,0.18,50,149
558,0.1,0.19,50,146
559,0.1,0.2,50,143
560,0.1,0.21,50,141
561,0.1,0.22,50,139
562,0.1,0.23,50,136
563,0.1,0.24,50,130
564,0.1,0.25,50,124
565,0.1,0.26,50,117
566,0.1,0.27,50,113
567,0.1,0.28,50,111
568,0.1,0.29,50,109
569,0.1,0.3,50,105
570,0.1,0.31,50,105
571,0.1,0.32,50,103
572,0.1,0.33,50,102
573,0.1,0.34,50,101
574,0.1,0.35,50,100
575,0.1,0.36,50,96
576,0.1,0.37,50,95
577,0.1,0.38,50,93
578,0.1,0.39,50,92
579,0.1,0.4,50,89
580,0.1,0.41,50,85
581,0.1,0.42,50,82
582,0.1,0.43,50,74
583,0.1,0.44,50,72
584,0.1,0.45,50,68
585,0.1,0.46,50,60
586,0.1,0.47,50,56
587,0.1,0.48,50,54
588,0.1,0.49,50,48
589,0.1,0.5,50,44
590,0.1,0.51,50,36
591,0.1,0.52,50,33
592,0.1,0.53,50,31
593,0.1,0.54,50,31
594,0.1,0.55,50,27
595,0.1,0.56,50,26
596,0.1,0.57,50,23
597,0.1,0.58,50,19
598,0.1,0.59,50,15
599,0.1,0.6,50,13
600,0.11,0.01,45,120
601,0.11,0.02,45,120
602,0.11,0.03,45,120
603,0.11,0.04,45,120
604,0.11,0.05,45,120
605,0.11,0.06,45,120
606,0.11,0.07,45,120
607,0.11,0.08,45,120
608,0.11,0.09,45,120
609,0.11,0.1,45,120
610,0.11,0.11,45,120
611,0.11,0.12,45,120
612,0.11,0.13,45,120
613,0.11,0.14,45,120
614,0.11,0.15,45,120
615,0.11,0.16,45,120
616,0.11,0.17,45,120
617,0.11,0.18,45,120
618,0.11,0.19,45,119
619,0.11,0.2,45,117
620,0.11,0.21,45,115
621,0.11,0.22,45,114
622,0.11,0.23,45,114
623,0.11,0.24,45,110
624,0.11,0.25,45,105
625,0.11,0.26,45,100
626,0.11,0.27,45,97
627,0.11,0.28,45,96
628,0.11,0.29,45,94
629,0.11,0.3,45,90
630,0.11,0.31,45,90
631,0.11,0.32,45,88
632,0.11,0.33,45,87
633,0.11,0.34,45,86
634,0.11,0.35,45,85
635,0.11,0.36,45,81
636,0.11,0.37,45,80
637,0.11,0.38,45,78
638,0.11,0.39,45,77
639,0.11,0.4,45,75
640,0.11,0.41,45,72
641,0.11,0.42,45,70
642,0.11,0.43,45,64
643,0.11,0.44,45,63
644,0.11,0.45,45,59
645,0.11,0.46,45,52
646,0.11,0.47,45,49
647,0.11,0.48,45,47
648,0.11,0.49,45,43
649,0.11,0.5,45,39
650,0.11,0.51,45,33
651,0.11,0.52,45,30
652,0.11,0.53,45,28
653,0.11,0.54,45,28
654,0.11,0.55,45,24
655,0.11,0.56,45,23
656,0.11,0.57,45,20
657,0.11,0.58,45,16
658,0.11,0.59,45,13
659,0.11,0.6,45,11
660,0.12,0.01,39,88
661,0.12,0.02,39,88
662,0.12,0.03,39,88
663,0.12,0.04,39,88
664,0.12,0.05,39,88
665,0.12,0.06,39,88
666,0.12,0.07,39,88
667,0.12,0.08,39,88
668,0.12,0.09,39,88
669,0.12,0.1,39,88
670,0.12,0.11,39,88
671,0.12,0.12,39,88
672,0.12,0.13,39,88
673,0.12,0.14,39,88
674,0.12,0.15,39,88
675,0.12,0.16,39,88
676,0.12,0.17,39,88
677,0.12,0.18,39,88
678,0.12,0.19,39,88
679,0.12,0.2,39,88
680,0.12,0.21,39,88
681,0.12,0.22,39,87
682,0.12,0.23,39,87
683,0.12,0.24,39,84
684,0.12,0.25,39,81
685,0.12,0.26,39,79
686,0.12,0.27,39,77
687,0.12,0.28,39,77
688,0.12,0.29,39,75
689,0.12,0.3,39,74
690,0.12,0.31,39,74
691,0.12,0.32,39,72
692,0.12,0.33,39,71
693,0.12,0.34,39,70
694,0.12,0.35,39,69
695,0.12,0.36,39,65
696,0.12,0.37,39,64
697,0.12,0.38,39,62
698,0.12,0.39,39,61
699,0.12,0.4,39,60
700,0.12,0.41,39,57
701,0.12,0.42,39,55
702,0.12,0.43,39,49
703,0.12,0.44,39,48
704,0.12,0.45,39,46
705,0.12,0.46,39,41
706,0.12,0.47,39,38
707,0.12,0.48,39,36
708,0.12,0.49,39,33
709,0.12,0.5,39,30
710,0.12,0.51,39,27
711,0.12,0.52,39,24
712,0.12,0.53,39,23
713,0.12,0.54,39,23
714,0.12,0.55,39,19
715,0.12,0.56,39,18
716,0.12,0.57,39,16
717,0.12,0.58,39,12
718,0.12,0.59,39,9
719,0.12,0.6,39,8
720,0.13,0.01,38,82
721,0.13,0.02,38,82
722,0.13,0.03,38,82
723,0.13,0.04,38,82
724,0.13,0.05,38,82
725,0.13,0.06,38,82
726,0.13,0.07,38,82
727,0.13,0.08,38,82
728,0.13,0.09,38,82
729,0.13,0.1,38,82
730,0.13,0.11,38,82
731,0.13,0.12,38,82
732,0.13,0.13,38,82
733,0.13,0.14,38,82
734,0.13,0.15,38,82
735,0.13,0.16,38,82
736,0.13,0.17,38,82
737,0.13,0.18,38,82
738,0.13,0.19,38,82
739,0.13,0.2,38,82
740,0.13,0.21,38,82
741,0.13,0.22,38,82
742,0.13,0.23,38,82
743,0.13,0.24,38,79
744,0.13,0.25,38,76
745,0.13,0.26,38,74
746,0.13,0.27,38,74
747,0.13,0.28,38,74
748,0.13,0.29,38,72
749,0.13,0.3,38,71
750,0.13,0.31,38,71
751,0.13,0.32,38,69
752,0.13,0.33,38,68
753,0.13,0.34,38,67
754,0.13,0.35,38,66
755,0.13,0.36,38,62
756,0.13,0.37,38,61
757,0.13,0.38,38,59
758,0.13,0.39,38,58
759,0.13,0.4,38,57
760,0.13,0.41,38,54
761,0.13,0.42,38,52
762,0.13,0.43,38,46
763,0.13,0.44,38,45
764,0.13,0.45,38,43
765,0.13,0.46,38,39
766,0.13,0.47,38,36
767,0.13,0.48,38,34
768,0.13,0.49,38,31
769,0.13,0.5,38,29
770,0.13,0.51,38,26
771,0.13,0.52,38,23
772,0.13,0.53,38,22
773,0.13,0.54,38,22
774,0.13,0.55,38,18
775,0.13,0.56,38,17
776,0.13,0.57,38,16
777,0.13,0.58,38,12
778,0.13,0.59,38,9
779,0.13,0.6,38,8
780,0.14,0.01,33,60
781,0.14,0.02,33,60
782,0.14,0.03,33,60
783,0.14,0.04,33,60
784,0.14,0.05,33,60
785,0.14,0.06,33,60
786,0.14,0.07,33,60
787,0.14,0.08,33,60
788,0.14,0.09,33,60
789,0.14,0.1,33,60
790,0.14,0.11,33,60
791,0.14,0.12,33,60
792,0.14,0.13,33,60
793,0.14,0.14,33,60
794,0.14,0.15,33,60
795,0.14,0.16,33,60
796,0.14,0.17,33,60
797,0.14,0.18,33,60
798,0.14,0.19,33,60
799,0.14,0.2,33,60
800,0.14,0.21,33,60
801,0.14,0.22,33,60
802,0.14,0.23,33,60
803,0.14,0.24,33,60
804,0.14,0.25,33,59
805,0.14,0.26,33,57
806,0.14,0.27,33,57
807,0.14,0.28,33,57
808,0.14,0.29,33,57
809,0.14,0.3,33,57
810,0.14,0.31,33,57
811,0.14,0.32,33,57
812,0.14,0.33,33,56
813,0.14,0.34,33,56
814,0.14,0.35,33,55
815,0.14,0.36,33,53
816,0.14,0.37,33,52
817,0.14,0.38,33,50
818,0.14,0.39,33,49
819,0.14,0.4,33,48
820,0.14,0.41,33,47
821,0.14,0.42,33,45
822,0.14,0.43,33,39
823,0.14,0.44,33,38
824,0.14,0.45,33,36
825,0.14,0.46,33,32
826,0.14,0.47,33,29
827,0.14,0.48,33,27
828,0.14,0.49,33,24
829,0.14,0.5,33,23
830,0.14,0.51,33,21
831,0.14,0.52,33,18
832,0.14,0.53,33,17
833,0.14,0.54,33,17
834,0.14,0.55,33,15
835,0.14,0.56,33,15
836,0.14,0.57,33,14
837,0.14,0.58,33,10
838,0.14,0.59,33,8
839,0.14,0.6,33,7
840,0.15,0.01,31,48
841,0.15,0.02,31,48
842,0.15,0.03,31,48
843,0.15,0.04,31,48
844,0.15,0.05,31,48
845,0.15,0.06,31,48
846,0.15,0.07,31,48
847,0.15,0.08,31,48
848,0.15,0.09,31,48
849,0.15,0.1,31,48
850,0.15,0.11,31,48
851,0.15,0.12,31,48
852,0.15,0.13,31,48
853,0.15,0.14,31,48
854,0.15,0.15,31,48
855,0.15,0.16,31,48
856,0.15,0.17,31,48
857,0.15,0.18,31,48
858,0.15,0.19,31,48
859,0.15,0.2,31,48
860,0.15,0.21,31,48
861,0.15,0.22,31,48
862,0.15,0.23,31,48
863,0.15,0.24,31,48
864,0.15,0.25,31,48
865,0.15,0.26,31,48
866,0.15,0.27,31,48
867,0.15,0.28,31,48
868,0.15,0.29,31,48
869,0.15,0.3,31,48
870,0.15,0.31,31,48
871,0.15,0.32,31,48
872,0.15,0.33,31,47
873,0.15,0.34,31,47
874,0.15,0.35,31,46
875,0.15,0.36,31,45
876,0.15,0.37,31,45
877,0.15,0.38,31,44
878,0.15,0.39,31,43
879,0.15,0.4,31,42
880,0.15,0.41,31,41
881,0.15,0.42,31,39
882,0.15,0.43,31,33
883,0.15,0.44,31,33
884,0.15,0.45,31,31
885,0.15,0.46,31,27
886,0.15,0.47,31,24
887,0.15,0.48,31,22
888,0.15,0.49,31,20
889,0.15,0.5,31,19
890,0.15,0.51,31,17
891,0.15,0.52,31,14
892,0.15,0.53,31,13
893,0.15,0.54,31,13
894,0.15,0.55,31,11
895,0.15,0.56,31,11
896,0.15,0.57,31,11
897,0.15,0.58,31,7
898,0.15,0.59,31,6
899,0.15,0.6,31,5
900,0.16,0.01,30,48
901,0.16,0.02,30,48
902,0.16,0.03,30,48
903,0.16,0.04,30,48
904,0.16,0.05,30,48
905,0.16,0.06,30,48
906,0.16,0.07,30,48
907,0.16,0.08,30,48
908,0.16,0.09,30,48
909,0.16,0.1,30,48
910,0.16,0.11,30,48
911,0.16,0.12,30,48
912,0.16,0.13,30,48
913,0.16,0.14,30,48
914,0.16,0.15,30,48
915,0.16,0.16,30,48
916,0.16,0.17,30,48
917,0.16,0.18,30,48
918,0.16,0.19,30,48
919,0.16,0.2,30,48
920,0.16,0.21,30,48
921,0.16,0.22,30,48
922,0.16,0.23,30,48
923,0.16,0.24,30,48
924,0.16,0.25,30,48
925,0.16,0.26,30,48
926,0.16,0.27,30,48
927,0.16,0.28,30,48
928,0.16,0.29,30,48
929,0.16,0.3,30,48
930,0.16,0.31,30,48
931,0.16,0.32,30,48
932,0.16,0.33,30,47
933,0.16,0.34,30,47
934,0.16,0.35,30,46
935,0.16,0.36,30,45
936,0.16,0.37,30,45
937,0.16,0.38,30,44
938,0.16,0.39,30,43
939,0.16,0.4,30,42
940,0.16,0.41,30,41
941,0.16,0.42,30,39
942,0.16,0.43,30,33
943,0.16,0.44,30,33
944,0.16,0.45,30,31
945,0.16,0.46,30,27
946,0.16,0.47,30,24
947,0.16,0.48,30,22
948,0.16,0.49,30,20
949,0.16,0.5,30,19
950,0.16,0.51,30,17
951,0.16,0.52,30,14
952,0.16,0.53,30,13
953,0.16,0.54,30,13
954,0.16,0.55,30,11
955,0.16,0.56,30,11
956,0.16,0.57,30,11
957,0.16,0.58,30,7
958,0.16,0.59,30,6
959,0.16,0.6,30,5
960,0.17,0.01,28,44
961,0.17,0.02,28,44
962,0.17,0.03,28,44
963,0.17,0.04,28,44
964,0.17,0.05,28,44
965,0.17,0.06,28,44
966,0.17,0.07,28,44
967,0.17,0.08,28,44
968,0.17,0.09,28,44
969,0.17,0.1,28,44
970,0.17,0.11,28,44
971,0.17,0.12,28,44
972,0.17,0.13,28,44
973,0.17,0.14,28,44
974,0.17,0.15,28,44
975,0.17,0.16,28,44
976,0.17,0.17,28,44
977,0.17,0.18,28,44
978,0.17,0.19,28,44
979,0.17,0.2,28,44
980,0.17,0.21,28,44
981,0.17,0.22,28,44
982,0.17,0.23,28,44
983,0.17,0.24,28,44
984,0.17,0.25,28,44
985,0.17,0.26,28,44
986,0.17,0.27,28,44
987,0.17,0.28,28,44
988,0.17,0.29,28,44
989,0.17,0.3,28,44
990,0.17,0.31,28,44
991,0.17,0.32,28,44
992,0.17,0.33,28,43
993,0.17,0.34,28,43
994,0.17,0.35,28,42
995,0.17,0.36,28,42
996,0.17,0.37,28,42
997,0.17,0.38,28,41
998,0.17,0.39,28,40
999,0.17,0.4,28,40
1000,0.17,0.41,28,39
1001,0.17,0.42,28,39
1002,0.17,0.43,28,33
1003,0.17,0.44,28,33
1004,0.17,0.45,28,31
1005,0.17,0.46,28,27
1006,0.17,0.47,28,24
1007,0.17,0.48,28,22
1008,0.17,0.49,28,20
1009,0.17,0.5,28,19
1010,0.17,0.51,28,17
1011,0.17,0.52,28,14
1012,0.17,0.53,28,13
1013,0.17,0.54,28,13
1014,0.17,0.55,28,11
1015,0.17,0.56,28,11
1016,0.17,0.57,28,11
1017,0.17,0.58,28,7
1018,0.17,0.59,28,6
1019,0.17,0.6,28,5
1020,0.18,0.01,27,42
1021,0.18,0.02,27,42
1022,0.18,0.03,27,42
1023,0.18,0.04,27,42
1024,0.18,0.05,27,42
1025,0.18,0.06,27,42
1026,0.18,0.07,27,42
1027,0.18,0.08,27,42
1028,0.18,0.09,27,42
1029,0.18,0.1,27,42
1030,0.18,0.11,27,42
1031,0.18,0.12,27,42
1032,0.18,0.13,27,42
1033,0.18,0.14,27,42
1034,0.18,0.15,27,42
1035,0.18,0.16,27,42
1036,0.18,0.17,27,42
1037,0.18,0.18,27,42
1038,0.18,0.19,27,42
1039,0.18,0.2,27,42
1040,0.18,0.21,27,42
1041,0.18,0.22,27,42
1042,0.18,0.23,27,42
1043,0.18,0.24,27,42
1044,0.18,0.25,27,42
1045,0.18,0.26,27,42
1046,0.18,0.27,27,42
1047,0.18,0.28,27,42
1048,0.18,0.29,27,42
1049,0.18,0.3,27,42
1050,0.18,0.31,27,42
1051,0.18,0.32,27,42
1052,0.18,0.33,27,41
1053,0.18,0.34,27,41
1054,0.18,0.35,27,40
1055,0.18,0.36,27,40
1056,0.18,0.37,27,40
1057,0.18,0.38,27,40
1058,0.18,0.39,27,39
1059,0.18,0.4,27,39
1060,0.18,0.41,27,38
1061,0.18,0.42,27,38
1062,0.18,0.43,27,32
1063,0.18,0.44,27,32
1064,0.18,0.45,27,30
1065,0.18,0.46,27,27
1066,0.18,0.47,27,24
1067,0.18,0.48,27,22
1068,0.18,0.49,27,20
1069,0.18,0.5,27,19
1070,0.18,0.51,27,17
1071,0.18,0.52,27,14
1072,0.18,0.53,27,13
1073,0.18,0.54,27,13
1074,0.18,0.55,27,11
1075,0.18,0.56,27,11
1076,0.18,0.57,27,11
1077,0.18,0.58,27,7
1078,0.18,0.59,27,6
1079,0.18,0.6,27,5
1080,0.19,0.01,25,38
1081,0.19,0.02,25,38
1082,0.19,0.03,25,38
1083,0.19,0.04,25,38
1084,0.19,0.05,25,38
1085,0.19,0.06,25,38
1086,0.19,0.07,25,38
1087,0.19,0.08,25,38
1088,0.19,0.09,25,38
1089,0.19,0.1,25,38
1090,0.19,0.11,25,38
1091,0.19,0.12,25,38
1092,0.19,0.13,25,38
1093,0.19,0.14,25,38
1094,0.19,0.15,25,38
1095,0.19,0.16,25,38
1096,0.19,0.17,25,38
1097,0.19,0.18,25,38
1098,0.19,0.19,25,38
1099,0.19,0.2,25,38
1100,0.19,0.21,25,38
1101,0.19,0.22,25,38
1102,0.19,0.23,25,38
1103,0.19,0.24,25,38
1104,0.19,0.25,25,38
1105,0.19,0.26,25,38
1106,0.19,0.27,25,38
1107,0.19,0.28,25,38
1108,0.19,0.29,25,38
1109,0.19,0.3,25,38
1110,0.19,0.31,25,38
1111,0.19,0.32,25,38
1112,0.19,0.33,25,37
1113,0.19,0.34,25,37
1114,0.19,0.35,25,36
1115,0.19,0.36,25,36
1116,0.19,0.37,25,36
1117,0.19,0.38,25,36
1118,0.19,0.39,25,35
1119,0.19,0.4,25,35
1120,0.19,0.41,25,34
1121,0.19,0.42,25,34
1122,0.19,0.43,25,29
1123,0.19,0.44,25,29
1124,0.19,0.45,25,27
1125,0.19,0.46,25,25
1126,0.19,0.47,25,24
1127,0.19,0.48,25,22
1128,0.19,0.49,25,20
1129,0.19,0.5,25,19
1130,0.19,0.51,25,17
1131,0.19,0.52,25,14
1132,0.19,0.53,25,13
1133,0.19,0.54,25,13
1134,0.19,0.55,25,11
1135,0.19,0.56,25,11
1136,0.19,0.57,25,11
1137,0.19,0.58,25,7
1138,0.19,0.59,25,6
1139,0.19,0.6,25,5
1140,0.2,0.01,24,32
1141,0.2,0.02,24,32
1142,0.2,0.03,24,32
1143,0.2,0.04,24,32
1144,0.2,0.05,24,32
1145,0.2,0.06,24,32
1146,0.2,0.07,24,32
1147,0.2,0.08,24,32
1148,0.2,0.09,24,32
1149,0.2,0.1,24,32
1150,0.2,0.11,24,32
1151,0.2,0.12,24,32
1152,0.2,0.13,24,32
1153,0.2,0.14,24,32
1154,0.2,0.15,24,32
1155,0.2,0.16,24,32
1156,0.2,0.17,24,32
1157,0.2,0.18,24,32
1158,0.2,0.19,24,32
1159,0.2,0.2,24,32
1160,0.2,0.21,24,32
1161,0.2,0.22,24,32
1162,0.2,0.23,24,32
1163,0.2,0.24,24,32
1164,0.2,0.25,24,32
1165,0.2,0.26,24,32
1166,0.2,0.27,24,32
1167,0.2,0.28,24,32
1168,0.2,0.29,24,32
1169,0.2,0.3,24,32
1170,0.2,0.31,24,32
1171,0.2,0.32,24,32
1172,0.2,0.33,24,32
1173,0.2,0.34,24,32
1174,0.2,0.35,24,32
1175,0.2,0.36,24,32
1176,0.2,0.37,24,32
1177,0.2,0.38,24,32
1178,0.2,0.39,24,31
1179,0.2,0.4,24,31
1180,0.2,0.41,24,30
1181,0.2,0.42,24,30
1182,0.2,0.43,24,25
1183,0.2,0.44,24,25
1184,0.2,0.45,24,23
1185,0.2,0.46,24,21
1186,0.2,0.47,24,20
1187,0.2,0.48,24,18
1188,0.2,0.49,24,16
1189,0.2,0.5,24,16
1190,0.2,0.51,24,14
1191,0.2,0.52,24,11
1192,0.2,0.53,24,10
1193,0.2,0.54,24,10
1194,0.2,0.55,24,8
1195,0.2,0.56,24,8
1196,0.2,0.57,24,8
1197,0.2,0.58,24,5
1198,0.2,0.59,24,4
1199,0.2,0.6,24,3
1200,0.21,0.01,23,30
1201,0.21,0.02,23,30
1202,0.21,0.03,23,30
1203,0.21,0.04,23,30
1204,0.21,0.05,23,30
1205,0.21,0.06,23,30
1206,0.21,0.07,23,30
1207,0.21,0.08,23,30
1208,0.21,0.09,23,30
1209,0.21,0.1,23,30
1210,0.21,0.11,23,30
1211,0.21,0.12,23,30
1212,0.21,0.13,23,30
1213,0.21,0.14,23,30
1214,0.21,0.15,23,30
1215,0.21,0.16,23,30
1216,0.21,0.17,23,30
1217,0.21,0.18,23,30
1218,0.21,0.19,23,30
1219,0.21,0.2,23,30
1220,0.21,0.21,23,30
1221,0.21,0.22,23,30
1222,0.21,0.23,23,30
1223,0.21,0.24,23,30
1224,0.21,0.25,23,30
1225,0.21,0.26,23,30
1226,0.21,0.27,23,30
1227,0.21,0.28,23,30
1228,0.21,0.29,23,30
1229,0.21,0.3,23,30
1230,0.21,0.31,23,30
1231,0.21,0.32,23,30
1232,0.21,0.33,23,30
1233,0.21,0.34,23,30
1234,0.21,0.35,23,30
1235,0.21,0.36,23,30
1236,0.21,0.37,23,30
1237,0.21,0.38,23,30
1238,0.21,0.39,23,29
1239,0.21,0.4,23,29
1240,0.21,0.41,23,28
1241,0.21,0.42,23,28
1242,0.21,0.43,23,24
1243,0.21,0.44,23,24
1244,0.21,0.45,23,22
1245,0.21,0.46,23,20
1246,0.21,0.47,23,19
1247,0.21,0.48,23,17
1248,0.21,0.49,23,16
1249,0.21,0.5,23,16
1250,0.21,0.51,23,14
1251,0.21,0.52,23,11
1252,0.21,0.53,23,10
1253,0.21,0.54,23,10
1254,0.21,0.55,23,8
1255,0.21,0.56,23,8
1256,0.21,0.57,23,8
1257,0.21,0.58,23,5
1258,0.21,0.59,23,4
1259,0.21,0.6,23,3
1260,0.22,0.01,21,26
1261,0.22,0.02,21,26
1262,0.22,0.03,21,26
1263,0.22,0.04,21,26
1264,0.22,0.05,21,26
1265,0.22,0.06,21,26
1266,0.22,0.07,21,26
1267,0.22,0.08,21,26
1268,0.22,0.09,21,26
1269,0.22,0.1,21,26
1270,0.22,0.11,21,26
1271,0.22,0.12,21,26
1272,0.22,0.13,21,26
1273,0.22,0.14,21,26
1274,0.22,0.15,21,26
1275,0.22,0.16,21,26
1276,0.22,0.17,21,26
1277,0.22,0.18,21,26
1278,0.22,0.19,21,26
1279,0.22,0.2,21,26
1280,0.22,0.21,21,26
1281,0.22,0.22,21,26
1282,0.22,0.23,21,26
1283,0.22,0.24,21,26
1284,0.22,0.25,21,26
1285,0.22,0.26,21,26
1286,0.22,0.27,21,26
1287,0.22,0.28,21,26
1288,0.22,0.29,21,26
1289,0.22,0.3,21,26
1290,0.22,0.31,21,26
1291,0.22,0.32,21,26
1292,0.22,0.33,21,26
1293,0.22,0.34,21,26
1294,0.22,0.35,21,26
1295,0.22,0.36,21,26
1296,0.22,0.37,21,26
1297,0.22,0.38,21,26
1298,0.22,0.39,21,25
1299,0.22,0.4,21,25
1300,0.22,0.41,21,24
1301,0.22,0.42,21,24
1302,0.22,0.43,21,20
1303,0.22,0.44,21,20
1304,0.22,0.45,21,18
1305,0.22,0.46,21,18
1306,0.22,0.47,21,17
1307,0.22,0.48,21,16
1308,0.22,0.49,21,15
1309,0.22,0.5,21,15
1310,0.22,0.51,21,14
1311,0.22,0.52,21,11
1312,0.22,0.53,21,10
1313,0.22,0.54,21,10
1314,0.22,0.55,21,8
1315,0.22,0.56,21,8
1316,0.22,0.57,21,8
1317,0.22,0.58,21,5
1318,0.22,0.59,21,4
1319,0.22,0.6,21,3
1320,0.23,0.01,17,18
1321,0.23,0.02,17,18
1322,0.23,0.03,17,18
1323,0.23,0.04,17,18
1324,0.23,0.05,17,18
1325,0.23,0.06,17,18
1326,0.23,0.07,17,18
1327,0.23,0.08,17,18
1328,0.23,0.09,17,18
1329,0.23,0.1,17,18
1330,0.23,0.11,17,18
1331,0.23,0.12,17,18
1332,0.23,0.13,17,18
1333,0.23,0.14,17,18
1334,0.23,0.15,17,18
1335,0.23,0.16,17,18
1336,0.23,0.17,17,18
1337,0.23,0.18,17,18
1338,0.23,0.19,17,18
1339,0.23,0.2,17,18
1340,0.23,0.21,17,18
1341,0.23,0.22,17,18
1342,0.23,0.23,17,18
1343,0.23,0.24,17,18
1344,0.23,0.25,17,18
1345,0.23,0.26,17,18
1346,0.23,0.27,17,18
1347,0.23,0.28,17,18
1348,0.23,0.29,17,18
1349,0.23,0.3,17,18
1350,0.23,0.31,17,18
1351,0.23,0.32,17,18
1352,0.23,0.33,17,18
1353,0.23,0.34,17,18
1354,0.23,0.35,17,18
1355,0.23,0.36,17,18
1356,0.23,0.37,17,18
1357,0.23,0.38,17,18
1358,0.23,0.39,17,18
1359,0.23,0.4,17,18
1360,0.23,0.41,17,18
1361,0.23,0.42,17,18
1362,0.23,0.43,17,14
1363,0.23,0.44,17,14
1364,0.23,0.45,17,12
1365,0.23,0.46,17,12
1366,0.23,0.47,17,11
1367,0.23,0.48,17,11
1368,0.23,0.49,17,11
1369,0.23,0.5,17,11
1370,0.23,0.51,17,11
1371,0.23,0.52,17,9
1372,0.23,0.53,17,8
1373,0.23,0.54,17,8
1374,0.23,0.55,17,7
1375,0.23,0.56,17,7
1376,0.23,0.57,17,7
1377,0.23,0.58,17,4
1378,0.23,0.59,17,4
1379,0.23,0.6,17,3
1380,0.24,0.01,16,16
1381,0.24,0.02,16,16
1382,0.24,0.03,16,16
1383,0.24,0.04,16,16
1384,0.24,0.05,16,16
1385,0.24,0.06,16,16
1386,0.24,0.07,16,16
1387,0.24,0.08,16,16
1388,0.24,0.09,16,16
1389,0.24,0.1,16,16
1390,0.24,0.11,16,16
1391,0.24,0.12,16,16
1392,0.24,0.13,16,16
1393,0.24,0.14,16,16
1394,0.24,0.15,16,16
1395,0.24,0.16,16,16
1396,0.24,0.17,16,16
1397,0.24,0.18,16,16
1398,0.24,0.19,16,16
1399,0.24,0.2,16,16
1400,0.24,0.21,16,16
1401,0.24,0.22,16,16
1402,0.24,0.23,16,16
1403,0.24,0.24,16,16
1404,0.24,0.25,16,16
1405,0.24,0.26,16,16
1406,0.24,0.27,16,16
1407,0.24,0.28,16,16
1408,0.24,0.29,16,16
1409,0.24,0.3,16,16
1410,0.24,0.31,16,16
1411,0.24,0.32,16,16
1412,0.24,0.33,16,16
1413,0.24,0.34,16,16
1414,0.24,0.35,16,16
1415,0.24,0.36,16,16
1416,0.24,0.37,16,16
1417,0.24,0.38,16,16
1418,0.24,0.39,16,16
1419,0.24,0.4,16,16
1420,0.24,0.41,16,16
1421,0.24,0.42,16,16
1422,0.24,0.43,16,13
1423,0.24,0.44,16,13
1424,0.24,0.45,16,11
1425,0.24,0.46,16,11
1426,0.24,0.47,16,10
1427,0.24,0.48,16,10
1428,0.24,0.49,16,10
1429,0.24,0.5,16,10
1430,0.24,0.51,16,10
1431,0.24,0.52,16,9
1432,0.24,0.53,16,8
1433,0.24,0.54,16,8
1434,0.24,0.55,16,7
1435,0.24,0.56,16,7
1436,0.24,0.57,16,7
1437,0.24,0.58,16,4
1438,0.24,0.59,16,4
1439,0.24,0.6,16,3
1440,0.25,0.01,14,12
1441,0.25,0.02,14,12
1442,0.25,0.03,14,12
1443,0.25,0.04,14,12
1444,0.25,0.05,14,12
1445,0.25,0.06,14,12
1446,0.25,0.07,14,12
1447,0.25,0.08,14,12
1448,0.25,0.09,14,12
1449,0.25,0.1,14,12
1450,0.25,0.11,14,12
1451,0.25,0.12,14,12
1452,0.25,0.13,14,12
1453,0.25,0.14,14,12
1454,0.25,0.15,14,12
1455,0.25,0.16,14,12
1456,0.25,0.17,14,12
1457,0.25,0.18,14,12
1458,0.25,0.19,14,12
1459,0.25,0.2,14,12
1460,0.25,0.21,14,12
1461,0.25,0.22,14,12
1462,0.25,0.23,14,12
1463,0.25,0.24,14,12
1464,0.25,0.25,14,12
1465,0.25,0.26,14,12
1466,0.25,0.27,14,12
1467,0.25,0.28,14,12
1468,0.25,0.29,14,12
1469,0.25,0.3,14,12
1470,0.25,0.31,14,12
1471,0.25,0.32,14,12
1472,0.25,0.33,14,12
1473,0.25,0.34,14,12
1474,0.25,0.35,14,12
1475,0.25,0.36,14,12
1476,0.25,0.37,14,12
1477,0.25,0.38,14,12
1478,0.25,0.39,14,12
1479,0.25,0.4,14,12
1480,0.25,0.41,14,12
1481,0.25,0.42,14,12
1482,0.25,0.43,14,10
1483,0.25,0.44,14,10
1484,0.25,0.45,14,9
1485,0.25,0.46,14,9
1486,0.25,0.47,14,8
1487,0.25,0.48,14,8
1488,0.25,0.49,14,8
1489,0.25,0.5,14,8
1490,0.25,0.51,14,8
1491,0.25,0.52,14,7
1492,0.25,0.53,14,6
1493,0.25,0.54,14,6
1494,0.25,0.55,14,6
1495,0.25,0.56,14,6
1496,0.25,0.57,14,6
1497,0.25,0.58,14,3
1498,0.25,0.59,14,3
1499,0.25,0.6,14,2
1500,0.26,0.01,11,6
1501,0.26,0.02,11,6
1502,0.26,0.03,11,6
1503,0.26,0.04,11,6
1504,0.26,0.05,11,6
1505,0.26,0.06,11,6
1506,0.26,0.07,11,6
1507,0.26,0.08,11,6
1508,0.26,0.09,11,6
1509,0.26,0.1,11,6
1510,0.26,0.11,11,6
1511,0.26,0.12,11,6
1512,0.26,0.13,11,6
1513,0.26,0.14,11,6
1514,0.26,0.15,11,6
1515,0.26,0.16,11,6
1516,0.26,0.17,11,6
1517,0.26,0.18,11,6
1518,0.26,0.19,11,6
1519,0.26,0.2,11,6
1520,0.26,0.21,11,6
1521,0.26,0.22,11,6
1522,0.26,0.23,11,6
1523,0.26,0.24,11,6
1524,0.26,0.25,11,6
1525,0.26,0.26,11,6
1526,0.26,0.27,11,6
1527,0.26,0.28,11,6
1528,0.26,0.29,11,6
1529,0.26,0.3,11,6
1530,0.26,0.31,11,6
1531,0.26,0.32,11,6
1532,0.26,0.33,11,6
1533,0.26,0.34,11,6
1534,0.26,0.35,11,6
1535,0.26,0.36,11,6
1536,0.26,0.37,11,6
1537,0.26,0.38,11,6
1538,0.26,0.39,11,6
1539,0.26,0.4,11,6
1540,0.26,0.41,11,6
1541,0.26,0.42,11,6
1542,0.26,0.43,11,6
1543,0.26,0.44,11,6
1544,0.26,0.45,11,6
1545,0.26,0.46,11,6
1546,0.26,0.47,11,5
1547,0.26,0.48,11,5
1548,0.26,0.49,11,5
1549,0.26,0.5,11,5
1550,0.26,0.51,11,5
1551,0.26,0.52,11,4
1552,0.26,0.53,11,4
1553,0.26,0.54,11,4
1554,0.26,0.55,11,4
1555,0.26,0.56,11,4
1556,0.26,0.57,11,4
1557,0.26,0.58,11,2
1558,0.26,0.59,11,2
1559,0.26,0.6,11,1
1560,0.27,0.01,11,6
1561,0.27,0.02,11,6
1562,0.27,0.03,11,6
1563,0.27,0.04,11,6
1564,0.27,0.05,11,6
1565,0.27,0.06,11,6
1566,0.27,0.07,11,6
1567,0.27,0.08,11,6
1568,0.27,0.09,11,6
1569,0.27,0.1,11,6
1570,0.27,0.11,11,6
1571,0.27,0.12,11,6
1572,0.27,0.13,11,6
1573,0.27,0.14,11,6
1574,0.27,0.15,11,6
1575,0.27,0.16,11,6
1576,0.27,0.17,11,6
1577,0.27,0.18,11,6
1578,0.27,0.19,11,6
1579,0.27,0.2,11,6
1580,0.27,0.21,11,6
1581,0.27,0.22,11,6
1582,0.27,0.23,11,6
1583,0.27,0.24,11,6
1584,0.27,0.25,11,6
1585,0.27,0.26,11,6
1586,0.27,0.27,11,6
1587,0.27,0.28,11,6
1588,0.27,0.29,11,6
1589,0.27,0.3,11,6
1590,0.27,0.31,11,6
1591,0.27,0.32,11,6
1592,0.27,0.33,11,6
1593,0.27,0.34,11,6
1594,0.27,0.35,11,6
1595,0.27,0.36,11,6
1596,0.27,0.37,11,6
1597,0.27,0.38,11,6
1598,0.27,0.39,11,6
1599,0.27,0.4,11,6
1600,0.27,0.41,11,6
1601,0.27,0.42,11,6
1602,0.27,0.43,11,6
1603,0.27,0.44,11,6
1604,0.27,0.45,11,6
1605,0.27,0.46,11,6
1606,0.27,0.47,11,5
1607,0.27,0.48,11,5
1608,0.27,0.49,11,5
1609,0.27,0.5,11,5
1610,0.27,0.51,11,5
1611,0.27,0.52,11,4
1612,0.27,0.53,11,4
1613,0.27,0.54,11,4
1614,0.27,0.55,11,4
1615,0.27,0.56,11,4
1616,0.27,0.57,11,4
1617,0.27,0.58,11,2
1618,0.27,0.59,11,2
1619,0.27,0.6,11,1
1620,0.28,0.01,10,4
1621,0.28,0.02,10,4
1622,0.28,0.03,10,4
1623,0.28,0.04,10,4
1624,0.28,0.05,10,4
1625,0.28,0.06,10,4
1626,0.28,0.07,10,4
1627,0.28,0.08,10,4
1628,0.28,0.09,10,4
1629,0.28,0.1,10,4
1630,0.28,0.11,10,4
1631,0.28,0.12,10,4
1632,0.28,0.13,10,4
1633,0.28,0.14,10,4
1634,0.28,0.15,10,4
1635,0.28,0.16,10,4
1636,0.28,0.17,10,4
1637,0.28,0.18,10,4
1638,0.28,0.19,10,4
1639,0.28,0.2,10,4
1640,0.28,0.21,10,4
1641,0.28,0.22,10,4
1642,0.28,0.23,10,4
1643,0.28,0.24,10,4
1644,0.28,0.25,10,4
1645,0.28,0.26,10,4
1646,0.28,0.27,10,4
1647,0.28,0.28,10,4
1648,0.28,0.29,10,4
1649,0.28,0.3,10,4
1650,0.28,0.31,10,4
1651,0.28,0.32,10,4
1652,0.28,0.33,10,4
1653,0.28,0.34,10,4
1654,0.28,0.35,10,4
1655,0.28,0.36,10,4
1656,0.28,0.37,10,4
1657,0.28,0.38,10,4
1658,0.28,0.39,10,4
1659,0.28,0.4,10,4
1660,0.28,0.41,10,4
1661,0.28,0.42,10,4
1662,0.28,0.43,10,4
1663,0.28,0.44,10,4
1664,0.28,0.45,10,4
1665,0.28,0.46,10,4
1666,0.28,0.47,10,4
1667,0.28,0.48,10,4
1668,0.28,0.49,10,4
1669,0.28,0.5,10,4
1670,0.28,0.51,10,4
1671,0.28,0.52,10,3
1672,0.28,0.53,10,3
1673,0.28,0.54,10,3
1674,0.28,0.55,10,3
1675,0.28,0.56,10,3
1676,0.28,0.57,10,3
1677,0.28,0.58,10,2
1678,0.28,0.59,10,2
1679,0.28,0.6,10,1
1680,0.29,0.01,10,4
1681,0.29,0.02,10,4
1682,0.29,0.03,10,4
1683,0.29,0.04,10,4
1684,0.29,0.05,10,4
1685,0.29,0.06,10,4
1686,0.29,0.07,10,4
1687,0.29,0.08,10,4
1688,0.29,0.09,10,4
1689,0.29,0.1,10,4
1690,0.29,0.11,10,4
1691,0.29,0.12,10,4
1692,0.29,0.13,10,4
1693,0.29,0.14,10,4
1694,0.29,0.15,10,4
1695,0.29,0.16,10,4
1696,0.29,0.17,10,4
1697,0.29,0.18,10,4
1698,0.29,0.19,10,4
1699,0.29,0.2,10,4
1700,0.29,0.21,10,4
1701,0.29,0.22,10,4
1702,0.29,0.23,10,4
1703,0.29,0.24,10,4
1704,0.29,0.25,10,4
1705,0.29,0.26,10,4
1706,0.29,0.27,10,4
1707,0.29,0.28,10,4
1708,0.29,0.29,10,4
1709,0.29,0.3,10,4
1710,0.29,0.31,10,4
1711,0.29,0.32,10,4
1712,0.29,0.33,10,4
1713,0.29,0.34,10,4
1714,0.29,0.35,10,4
1715,0.29,0.36,10,4
1716,0.29,0.37,10,4
1717,0.29,0.38,10,4
1718,0.29,0.39,10,4
1719,0.29,0.4,10,4
1720,0.29,0.41,10,4
1721,0.29,0.42,10,4
1722,0.29,0.43,10,4
1723,0.29,0.44,10,4
1724,0.29,0.45,10,4
1725,0.29,0.46,10,4
1726,0.29,0.47,10,4
1727,0.29,0.48,10,4
1728,0.29,0.49,10,4
1729,0.29,0.5,10,4
1730,0.29,0.51,10,4
1731,0.29,0.52,10,3
1732,0.29,0.53,10,3
1733,0.29,0.54,10,3
1734,0.29,0.55,10,3
1735,0.29,0.56,10,3
1736,0.29,0.57,10,3
1737,0.29,0.58,10,2
1738,0.29,0.59,10,2
1739,0.29,0.6,10,1
1740,0.3,0.01,9,2
1741,0.3,0.02,9,2
1742,0.3,0.03,9,2
1743,0.3,0.04,9,2
1744,0.3,0.05,9,2
1745,0.3,0.06,9,2
1746,0.3,0.07,9,2
1747,0.3,0.08,9,2
1748,0.3,0.09,9,2
1749,0.3,0.1,9,2
1750,0.3,0.11,9,2
1751,0.3,0.12,9,2
1752,0.3,0.13,9,2
1753,0.3,0.14,9,2
1754,0.3,0.15,9,2
1755,0.3,0.16,9,2
1756,0.3,0.17,9,2
1757,0.3,0.18,9,2
1758,0.3,0.19,9,2
1759,0.3,0.2,9,2
1760,0.3,0.21,9,2
1761,0.3,0.22,9,2
1762,0.3,0.23,9,2
1763,0.3,0.24,9,2
1764,0.3,0.25,9,2
1765,0.3,0.26,9,2
1766,0.3,0.27,9,2
1767,0.3,0.28,9,2
1768,0.3,0.29,9,2
1769,0.3,0.3,9,2
1770,0.3,0.31,9,2
1771,0.3,0.32,9,2
1772,0.3,0.33,9,2
1773,0.3,0.34,9,2
1774,0.3,0.35,9,2
1775,0.3,0.36,9,2
1776,0.3,0.37,9,2
1777,0.3,0.38,9,2
1778,0.3,0.39,9,2
1779,0.3,0.4,9,2
1780,0.3,0.41,9,2
1781,0.3,0.42,9,2
1782,0.3,0.43,9,2
1783,0.3,0.44,9,2
1784,0.3,0.45,9,2
1785,0.3,0.46,9,2
1786,0.3,0.47,9,2
1787,0.3,0.48,9,2
1788,0.3,0.49,9,2
1789,0.3,0.5,9,2
1790,0.3,0.51,9,2
1791,0.3,0.52,9,2
1792,0.3,0.53,9,2
1793,0.3,0.54,9,2
1794,0.3,0.55,9,2
1795,0.3,0.56,9,2
1796,0.3,0.57,9,2
1797,0.3,0.58,9,1
1798,0.3,0.59,9,1
1799,0.3,0.6,9,0
